Date,Open,Close/Last,High,Low
03/15/2025,84589.7,84272.4,84679.5,83636.4
03/14/2025,81891.2,84479,84679.5,83974.2
03/13/2025,83576.2,81809.9,82241.1,80833.2
03-12-2025,82123,83632.9,84292,83357.2
03-11-2025,79510,82222.1,83750.2,82146.1
03-10-2025,82045.6,79647.5,79813.6,76677.1
03-09-2025,86124.6,82197.8,82697,80122.6
03-08-2025,86459,86027.7,86498.6,85959.8
03-07-2025,87663.8,86485.8,86886.8,85264.6
03-06-2025,92283.4,87609.3,90978.9,84864.3
03-05-2025,86887.7,92242.8,92245.1,89994.6
03-04-2025,83380.9,87008,87870.1,86429.4
03-03-2025,92846.7,83745.7,86756.4,82558.2
03-02-2025,85747.2,92940.1,94266.1,92454.3
03-01-2025,84290.5,85827,86546.3,83837.3
02/28/2025,84290.5,86074.4,86546.3,83837.3
02/27/2025,84737.3,80505,84876.3,79535.1
02/26/2025,88142,85147,85401.8,84085.5
02/25/2025,91843,88825.9,89375.3,88136.2
02/24/2025,96251.6,92095.2,92523.1,91014.6
02/23/2025,96654.9,95343.7,96497.9,95118.7
02/22/2025,96178.6,96437.7,96655.2,96383.1
02/21/2025,98242.3,96376.2,96463.8,95801.1
02/20/2025,96856.1,98206.6,98509.9,98096.6
02/19/2025,96644.8,97194.1,97347.7,96441.9
02/18/2025,95638,95439.1,95930,95057.5
02/17/2025,96035.1,95985.7,96319.9,95559.7
02/16/2025,97532.8,96115.5,96612.6,96041.2
02/15/2025,97665.4,97526.4,97706.5,97431.6
02/14/2025,96753.8,97556.3,97973.2,97252.5
02/13/2025,96932.8,96789,97222.4,96399
02-12-2025,95543.2,97003.8,98079.6,97003.8
02-11-2025,98070.9,95525.6,96259.8,95128.9
02-10-2025,96938.9,98069.6,98115.4,97434
02-09-2025,96218.7,96852.7,97297.8,96369
02-08-2025,95981.2,96623.3,96862.8,95716.1
02-07-2025,97460.6,96402.1,96862.8,96237.1
02-06-2025,97623.4,97467.5,97872.2,96424.2
02-05-2025,98042.5,97631.2,97824,96510.6
02-04-2025,100069,98213.4,98890.5,97183.6
02-03-2025,92749.8,100151,101693,100151
02-02-2025,99539.8,93027.2,97686,91695.8
02-01-2025,102142,100785,102771,100748
01/31/2025,104005,102381,102771,102138
01/30/2025,105498,104197,105001,103959
01/29/2025,102007,105361,105364,103388
01/28/2025,102920,102070,102275,101342
01/27/2025,100400,102979,103362,101356
01/26/2025,105153,100482,103235,100447
01/25/2025,104644,105214,105400,104521
01/24/2025,104657,104861,105256,104390
01/23/2025,102031,104563,104719,102760
01/22/2025,105580,102011,103789,101597
01/21/2025,102316,105559,106266,105366
01/20/2025,102228,102312,103190,100193
01/19/2025,104947,102381,102733,99676
01/18/2025,103581,104860,105416,104014
01/17/2025,101480,103429,104661,102729
01/16/2025,99604.9,101217,102089,99956.2
01/15/2025,97187.2,99589.9,100812,99301.1
01/14/2025,95120.1,97183,97702.7,96501.9
01/13/2025,94552.9,94984.1,95268.4,94359.5
01-12-2025,94583.6,94524.3,95906.9,93902.2
01-11-2025,94061.8,94609.7,94694.4,94297.1
01-10-2025,93771,93910.4,94723.6,93847.8
01-09-2025,94428.6,93724,93857.3,92474.1
01-08-2025,96276.6,94312,95323.1,93527.7
01-07-2025,101689,96207.2,97266.4,96145.8
01-06-2025,99469.9,101787,102678,101548
01-05-2025,98355.8,99318.1,99425.4,97932.3
01-04-2025,97993.8,98383.3,98511.7,98048.2
01-03-2025,96793.3,97948.5,98297.5,97808.9
01-02-2025,95664.6,96766,97292.9,96647.7
01-01-2025,93527.3,95886,95962.4,94381.2
12/31/2024,92429.3,93631.3,94425.3,93470
12/30/2024,93260.9,92408.6,92863.2,92036.2
12/29/2024,95157.9,93468.7,94220.2,93360.1
12/28/2024,94561.7,95097,95315.4,94811.1
12/27/2024,96395.4,94534,94669.2,94124.7
12/26/2024,98958.1,96343.7,96553.8,95391.1
12/25/2024,98019.1,98395.5,99922.5,98324
12/24/2024,94345,98263.5,98839.7,97722.3
12/23/2024,96014.2,94142.8,94855.1,93566.2
12/22/2024,96985.3,95836.2,96487.5,93751.2
12/21/2024,97585.2,96219.2,97422.2,96194.9
12/20/2024,97300.6,97570.7,97809.8,97190
12/19/2024,100651,97414.3,97803.2,95995.2
12/18/2024,103889,100811,101269,98909.9
12/17/2024,106504,103696,106478,103605
12/16/2024,104675,106484,106961,105686
12/15/2024,102358,104508,106569,104296
12/14/2024,101686,102202,102834,101235
12/13/2024,100003,101700,102633,101150
12-12-2024,100677,100051,100351,99214.2
12-11-2024,97543.2,100656,101828,100345
12-10-2024,97024.7,97560.2,97622.7,95689.5
12-09-2024,99417.2,96719.3,98131.6,95587.8
12-08-2024,99165.8,99736,100317,99354.5
12-07-2024,100412,99939.7,100442,98969
12-06-2024,97881,99566.7,100442,99099.3
12-05-2024,103316,97954.1,98795.8,96452
12-04-2024,95998.3,103127,103719,97949.1
12-03-2024,95918.8,95833.3,96606.5,95344.2
12-02-2024,96728,95942.4,96228.7,95407.8
12-01-2024,96486.5,96642,98082,96137.3
11/30/2024,96688.1,96403.9,96667.5,95721.8
11/29/2024,96258.8,96672.1,97461.9,96371.5
11/28/2024,95760.2,96407.6,96825.4,95405.7
11/27/2024,92538.4,95649.2,96549,94867.1
11/26/2024,94300.6,92549.2,93179.1,91795.5
11/25/2024,97814.6,94440.2,94909.3,92827.3
11/24/2024,98188.2,97706.5,98051.9,96953.4
11/23/2024,98622.3,98096.2,98552.6,97644
11/22/2024,98804.5,98429.4,98927.2,98341.8
11/21/2024,97487.4,98817,99289.3,97868.9
11/20/2024,92147.2,96865.2,96904.8,94063.8
11/19/2024,91506.8,92191.1,92419.7,91517.4
11/18/2024,90445.6,91376,91805.7,90378.7
11/17/2024,90384.4,90532,90916.6,89674.2
11/16/2024,91274.6,90469.5,90883.9,89387.7
11/15/2024,87443.8,91239.9,91673.9,90863.5
11/14/2024,90100.6,87221.6,88463.7,87118.8
11/13/2024,87216,90015.6,90523.2,89375.1
11-12-2024,88474.4,86313.8,88533.4,86313.8
11-11-2024,81468,88728.2,89436.1,86742.6
11-10-2024,79079.2,81361.7,81792.4,80231.8
11-09-2024,76371.8,76383.3,76793.8,75732.5
11-08-2024,75849.1,76369.6,76629.3,76147
11-07-2024,74730.5,75901.8,76359.5,75599
11-06-2024,74457.1,74675.1,75995.3,74627.8
11-05-2024,68335.7,74552.9,74954.6,69323
11-04-2024,69038.4,68346,68489.7,67473.6
11-03-2024,68378.6,69121,69483.4,68257.5
11-02-2024,69660.6,68423,69383.6,67882.5
11-01-2024,69557.6,69671.2,69896.9,69478.7
10/31/2024,72551.6,69369.8,70445.2,68860.5
10/30/2024,72339.2,72354.7,72589.8,72043.8
10/29/2024,71181.8,72233.8,72772.6,72016.4
10/28/2024,67724.5,70943.7,71521,69753.2
10/27/2024,67279.1,67706.1,68102.9,67673.6
10/26/2024,66690.8,67032.2,67119.5,66924.6
10/25/2024,67995.5,66884.2,67007,66443.8
10/24/2024,67216.5,68017.3,68266.6,67832.2
10/23/2024,67074.9,67266.7,67588,66510.6
10/22/2024,67494,67342.3,67441.1,67134.3
10/21/2024,68936.7,67362.9,67684,66609.4
10/20/2024,68187.5,68883.8,69490.8,68599.2
10/19/2024,68448.7,68165.6,68444.7,67443.9
10/18/2024,67555.8,68498.7,68688.8,68306.6
10/17/2024,67604.5,67633.2,68201.3,67190.9
10/16/2024,67096.7,67656.3,67933.5,67416.8
10/15/2024,65392.1,67171.2,67557.2,66766.6
10/14/2024,64277.3,65448.3,66317.5,65379
10/13/2024,62703.2,64052.6,64186.6,62463.7
10-12-2024,62565.8,62707.2,63284.6,62680
10-11-2024,60612.4,62538,63037.9,62486.1
10-10-2024,60857.1,60659.6,60698.5,60080.6
10-09-2024,62389.1,60888.8,60947.5,60370.7
10-08-2024,62624.1,62369.5,62479.3,62010.1
10-07-2024,63529.7,62596.4,62802,62166.9
10-06-2024,61886.2,63510.8,63958.3,62670.2
10-05-2024,61861.7,61920.9,62145.7,61889.5
10-04-2024,60950.6,61931.3,62192.7,61705.7
10-03-2024,61463.2,60970,61269.6,60469.3
10-02-2024,61748.2,61336.2,61371.1,60544
10-01-2024,63722.2,61774.4,61877.5,60752.2
09/30/2024,64546.9,63686.5,63734.1,63007.7
09/29/2024,65817.3,64520.2,65607,64215.2
09/28/2024,65989,65756.2,65980.8,65654.8
09/27/2024,65373.5,66069.1,66232.5,65732.7
09/26/2024,63502.3,65355,65355,64839.2
09/25/2024,64456.8,63503.9,63537.2,62693.3
09/24/2024,63125.5,64401.6,64788.5,64018.9
09/23/2024,64350.8,63130,63394.4,62740.8
09/22/2024,63108.5,64414.3,64723.4,62650
09/21/2024,62889.9,63084.3,63441.2,62836.9
09/20/2024,63705.7,62952.5,63285.7,62829.2
09/19/2024,62116,63563.7,63563.7,62624.8
09/18/2024,60513.2,62087.1,62539.8,61596.5
09/17/2024,58056,60579.3,60755,59911.2
09/16/2024,58576.1,58111.1,58342.4,57630.2
09/15/2024,60160,58562,59204.3,58138.6
09/14/2024,60295,60145.7,60268.2,59994.1
09/13/2024,58053,60350.7,60609.4,60293.7
09-12-2024,57946.6,57907.8,58240.7,57882.8
09-11-2024,56926.3,58259.2,58445.7,57335.5
09-10-2024,56777.3,56777.6,57726.1,56704.8
09-09-2024,55119.8,56595.3,57059.9,56584.5
09-08-2024,54340.2,55184.9,55337.4,54740.2
09-07-2024,52865.6,54179,54819.2,53754.3
09-06-2024,56593.9,53836.6,54066.6,53754.3
09-05-2024,57123.4,56680.2,56844.8,55996.7
09-04-2024,56653.4,57118.7,58318.9,56956.4
09-03-2024,59109.7,56734.5,57929.8,55732.1
09-02-2024,57757.5,59131.2,59799.7,59046.8
09-01-2024,58526.1,57647,57736.6,57185.8
08/31/2024,59237.3,58604.2,59058.7,58289.1
08/30/2024,59036.3,59254.6,59447,59084
08/29/2024,59143.5,59076.9,59480.7,58923.6
08/28/2024,62764.5,59192.7,59649.3,58932.1
08/27/2024,62920.6,59309.4,59448.3,58932.1
08/26/2024,64118.4,62960,63201.4,62671
08/25/2024,64108.3,64095.5,64472.5,63812.9
08/24/2024,63635.4,64210.3,64458.9,63643.2
08/23/2024,60597,63817.1,64178,63643.2
08/22/2024,60552.2,60581.8,60922.2,60354.4
08/21/2024,59299.9,60445.6,61213.1,59815.8
08/20/2024,60604.6,59233.1,59512.4,58831.1
08/19/2024,58743.2,60587.7,60878.5,59382.1
08/18/2024,59340.4,58731.8,58760.8,58274.7
08/17/2024,59154.9,59515.1,60210.3,59395.3
08/16/2024,57892.4,59041.2,59387.4,58825.5
08/15/2024,58443.1,57900.2,58374.2,57129.1
08/14/2024,60966,58475.9,59047.2,58076.7
08/13/2024,59030.1,61064.2,61268.5,60437.2
08-12-2024,58511.4,58960.6,59908.7,58890
08-11-2024,61097.5,58554.6,59072.8,58283.4
08-10-2024,60441.2,61116.2,61361.6,60902.1
08-09-2024,61365.8,60507.3,61344.5,60322.5
08-08-2024,57079.9,61285.7,61712.3,60818.5
08-07-2024,56883.1,57209.1,57635.7,54786.9
08-06-2024,55682.9,56789.1,57260.5,55641.3
08-05-2024,53942.4,55701.4,56228.6,53998.2
08-04-2024,60731.1,54162.3,58291.4,52659.8
08-03-2024,61989,60379.5,62184.2,59914.6
08-02-2024,64598.8,61813.9,61847.5,60532.9
08-01-2024,63941.2,64471.7,65567.1,63697.1
07/31/2024,66070.9,64036.6,64827.6,63763.1
07/30/2024,66609.6,66047,66395.5,65912.2
07/29/2024,69350.6,66545.2,66868.2,65896.9
07/28/2024,67945.1,69349.9,69762,68178.7
07/27/2024,67802,68039.2,68279,67392.9
07/26/2024,67049.9,67792.4,68080.2,67647
07/25/2024,64113.7,67092,67438.5,65764.3
07/24/2024,66054.4,63991.8,65615.9,63914.4
07/23/2024,67649.9,66054.5,66105.3,65481.1
07/22/2024,67051.3,67486.8,68468.9,67484.7
07/21/2024,67292.3,67923.6,68468.9,67787.9
07/20/2024,66583.4,67192.6,67395.4,66977
07/19/2024,63814.4,66670.6,66825.6,66257.4
07/18/2024,64700.2,64290.3,64365,63326.1
07/17/2024,65621.9,64919.9,65040.1,63923.3
07/16/2024,64762.8,65758,66051.5,64975.5
07/15/2024,62653.1,64773.5,64953.4,64457.3
07/14/2024,59483.5,62704.3,62745.4,60678.8
07/13/2024,57813.8,59388.6,59837.8,59207.9
07-12-2024,56918,57861.7,57976.9,57770.6
07-11-2024,57566.6,56919.7,57563.2,56575.7
07-10-2024,58181.8,57454.5,58350.3,57095
07-09-2024,57167.8,58151,58152.7,57376.9
07-08-2024,55174.9,57200.8,57299.2,56306.3
07-07-2024,57969.3,55155.5,56017,54320
07-06-2024,56592.1,57860.7,58258.7,57860
07-05-2024,55226.5,56399.9,56975.7,56198
07-04-2024,59102.9,55337.8,57471.1,55109
07-03-2024,60957.5,59045.5,60463,58055.4
07-02-2024,63118.8,60947.2,62263.6,60756.9
07-01-2024,63426.4,63111.8,63257,62794
06/30/2024,60888.4,63434,63786.8,62583.4
06/29/2024,60738.1,60917.5,61061.8,60757.7
06/28/2024,61814.6,60745,60979.2,60382.8
06/27/2024,61006.2,61805.1,62175.4,61478
06/26/2024,61934.9,61028.5,61206.4,60786.4
06/25/2024,61299.1,61963.8,62469.4,61652.7
06/24/2024,62857.1,61376.3,61585.5,60262.2
06/23/2024,64420,62914.2,63357.1,62732.8
06/22/2024,64319.4,64460.6,64518.9,64261
06/21/2024,64512.9,64275.7,64335.6,63944
06/20/2024,65179,64696.4,65054.9,64638.5
06/19/2024,65464.7,65294.2,65706.4,64843.9
06/18/2024,65483.4,65430.8,65561.2,64843.9
06/17/2024,66231.8,65502.2,66571.2,64589.4
06/16/2024,66139.5,66290.6,66893,66243.9
06/15/2024,65735.1,66039.1,66446.4,65895.1
06/14/2024,66736.2,66235,66274.7,65976.2
06/13/2024,67455.8,66738.9,67018,66495.9
06-12-2024,67403.4,67322.9,68384.6,67014.5
06-11-2024,68456.9,67389.8,67577.8,66911.5
06-10-2024,69612.3,68320.5,69573.3,67969.3
06-09-2024,69259.7,69611.8,69798.1,69426
06-08-2024,69439.3,69275,69337.4,69136.7
06-07-2024,70990.7,69485.6,69514.7,69295.1
06-06-2024,71053.3,70979.2,70998,70668
06-05-2024,70838.6,71053.7,71237.8,70910.1
06-04-2024,69136.7,70873.9,71224.5,70433.2
06-03-2024,68408.1,69154.6,69361.6,68707.9
06-02-2024,67712.6,68441.3,68778.1,67616.8
06-01-2024,67715,67796.6,67893.3,67641.1
05/31/2024,68535.6,67715.5,67746.5,67449.6
05/30/2024,68093.5,68611.5,68705.8,68292.7
05/29/2024,68670.2,68144.4,68183,67462.6
05/28/2024,68392.8,67796,69560.7,67496.1
05/27/2024,68872.3,67914.3,69560.7,67795.6
05/26/2024,69073.2,68839.7,69283.6,68480.4
05/25/2024,68754.3,69124.7,69310.6,68849.1
05/24/2024,67876.9,68759.5,68889.9,68516.1
05/23/2024,69436.6,67910.7,68002,67635.1
05/22/2024,69952.2,69337,69594.4,69166.3
05/21/2024,71272.9,69917.4,70343.9,69829.5
05/20/2024,66676,71369.6,71872,70754.4
05/19/2024,67169.1,66680.9,66755.5,66076.5
05/18/2024,66951.7,67151.9,67284.6,66843.6
05/17/2024,65595.8,66930.2,67048.7,66752.3
05/16/2024,65984.6,65646.9,65834.2,65121.7
05/15/2024,61945.6,66032.2,66643.9,65817
05/14/2024,62479.7,61915.9,62018,61357.5
05/13/2024,61172.3,62403.7,63102.6,62386.1
05-12-2024,60929.7,61071.9,61790,60779
05-11-2024,60723.8,60905.6,61101.1,60806.6
05-10-2024,62916.1,60745.9,61076.9,60673.4
05-09-2024,61678.5,62864.3,63090.7,62669.2
05-08-2024,62895.6,61717.8,61773.6,61152
05-07-2024,63239.5,62945.3,62950,62166.2
05-06-2024,63875.3,63238.4,63955.5,62918.3
05-05-2024,63238,63816.5,64459.5,63722
05-04-2024,62710.5,63203.2,64143.8,62923.9
05-03-2024,59727.3,62703.2,63515.4,62599.1
05-02-2024,57131.4,57921.5,58560.2,56989.8
05-01-2024,60241.3,57526.5,58560.2,56989.8
04/30/2024,63646.4,60222.8,60827.5,59590.2
04/29/2024,62249.1,63650.4,64700.2,63142.8
04/28/2024,64016.8,62655,63331.8,62469.7
04/27/2024,63081.4,64057.3,64346.1,63457.9
04/26/2024,64370.4,63127.6,63916.7,62507.7
04/25/2024,64281,64366.3,64635,63927.7
04/24/2024,66597.6,64341.2,64728.3,63901.7
04/23/2024,66450,66615.3,66882.6,66396.6
04/22/2024,65711.6,66515.8,67180,66499.9
04/21/2024,65190.7,66003.1,66018.1,64527.5
04/20/2024,64377,64674.8,65375.6,63131.7
04/19/2024,61787.5,63899.8,64139.3,63131.7
04/18/2024,61657,61830.2,63480.5,59693.3
04/17/2024,63844.6,61995.9,62171.5,60970.8
04/16/2024,63401.8,63778.5,64289.5,63608.5
04/15/2024,65158.6,62919.1,63890,62802.5
04/14/2024,63085.6,65253.9,65875.2,64983.4
04/13/2024,66528.9,63152.3,64307.9,62174.7
04-12-2024,70985,66980.3,67133,65784.7
04-11-2024,70851.6,70856.7,70972.9,70005.4
04-10-2024,69231.1,69202.6,69574.9,67570
04-09-2024,71723.5,68721.1,71737.2,68615
04-08-2024,69451.6,71262.2,71737.2,70902.3
04-07-2024,69419.5,69393,69788.6,69110.5
04-06-2024,67797.7,69409.1,69739.7,68849.4
04-05-2024,67872.1,67740.6,68053.3,67467.2
04-04-2024,65749,67649.3,68692.2,67472.8
04-03-2024,66227.2,65674,66349,65541
04-02-2024,66712.8,66135.4,66135.4,64559
04-01-2024,71332,69828.9,71329.3,68175.9
03/31/2024,69918.6,70615.8,71329.3,70543.6
03/30/2024,69781,69926.6,70143.2,69576.6
03/29/2024,70446.8,69820,70158.9,69736.1
03/28/2024,69302.4,70447.1,70907,70315.6
03/27/2024,70382.1,69240.4,69913.7,68956.9
03/26/2024,70438.6,70443.3,70714.1,69839.3
03/25/2024,67322.5,70508.4,70603.1,69754.8
03/24/2024,63980.1,66979.5,67288.3,66395
03/23/2024,63570.4,64118.4,64684,63938.1
03/22/2024,65968.6,63389,64324.3,63074.9
03/21/2024,66746.4,65947.2,66133.9,65151.8
03/20/2024,61826.5,66467.4,68161.7,66463.6
03/19/2024,65860.5,62394,63397.2,61859.5
03/15/2024,73589.3,68361.4,72398.1,67105.8
03/14/2024,73257.1,68937.1,72398.1,67110.1
03/13/2024,72034.3,73237.7,73285.3,72530.5
03-12-2024,71606.2,72074.4,72193.5,71338.4
03-11-2024,68600.2,71670.1,72467.1,71519.9
03-10-2024,69169.7,68506.2,68966.1,67452.8
03-09-2024,68298.6,69484.5,69676.4,68250.3
03-08-2024,67152.1,68289.5,68343.7,67923.9
03-07-2024,65862.1,67072.9,67270.9,66787.8
08-10-2023,29610.8,29476.1,29489.8,29443.4
08-09-2023,29713.4,29579.8,29653.6,29562.4
08-08-2023,29189.1,29706.4,29882,29666
08-07-2023,29154.2,29199.3,29253.3,29137.7
08-06-2023,29058.7,29152.3,29215.2,29011.8
08-05-2023,29082.7,29056.4,29074.8,29032.3
08-04-2023,29155.9,29085.5,29139.3,29061.5
08-03-2023,29174.8,29142.2,29241.8,29109.1
08-02-2023,29627.2,29155.2,29266.1,29127.1
08-01-2023,28835.3,29671.7,30025.9,29660.5
07/31/2023,29418.7,28847.9,29343.1,28834.5
07/30/2023,29316.3,29437.3,29502.3,29264.9
07/29/2023,29258.9,29382.4,29400.1,29299
07/28/2023,29252.4,29371.9,29394.2,29299
07/27/2023,29405.9,29215.2,29294.4,29188.6
07/26/2023,29243.8,29436.8,29450.3,29307.9
07/25/2023,29107.9,29250.5,29394.4,29109.7
07/24/2023,29717.3,29116.7,29184.1,29058.7
07/23/2023,29847.4,29699,30098.2,29678.2
07/22/2023,29908.6,29854.3,29893.7,29735.7
07/21/2023,29898.5,29926,29986.8,29901.6
07/20/2023,29950,29910.6,29945.5,29741.7
07/19/2023,30059.5,29943.2,30044.8,29895.8
07/18/2023,30077.7,30070.6,30077.8,29842.3
07/17/2023,30314.2,30087.2,30242.4,30084.6
07/16/2023,30192,30306.6,30335.9,30197.2
07/15/2023,30297.1,30225.8,30333.9,30075.4
07/14/2023,31462.5,30323.5,30395.4,30246.9
07/13/2023,30298.2,31425.4,31602.6,31343.2
07-12-2023,30591.4,30285.9,30434.4,30279.7
07-11-2023,30482.5,30595.4,30654.3,30500.2
07-10-2023,30158,30466.5,30598.5,30367.8
07-09-2023,30289.6,30179.2,30242.4,29969.1
07-08-2023,30277.1,30312.4,30404.7,30252.1
07-07-2023,30138.6,30281,30379.9,30262.4
07-06-2023,30499.9,30114,30161,29757.4
07-05-2023,30834,30502.8,30559,30353.6
07-04-2023,31262.2,30849.8,30861.7,30756.3
07-03-2023,30756.8,31241.8,31326.5,31101.8
07-02-2023,30544.1,30779.8,30790.4,30594.4
07-01-2023,30424.4,30505,30650.1,30481.5
06/30/2023,30664,30393.8,30530.6,30377.6
06/29/2023,30175.2,30722.2,30858.1,30354.6
06/28/2023,30453.5,30151.9,30243.8,30051.3
06/27/2023,30371.6,30460.8,30703.4,30362.5
06/26/2023,30299.5,30370.1,30485.7,30231.3
06/25/2023,30752.1,30285.5,30543.1,30012.8
06/24/2023,30749.2,30768,30768,30474.1
06/23/2023,30010.7,30742.5,30793.8,30434.3
06/22/2023,30296.3,30013.6,30046.6,29822.6
06/21/2023,28710.4,30299.3,30497.8,29899
06/20/2023,26893.1,28724.6,28985.5,28270.5
06/19/2023,26391.3,26915.9,27152.7,26798.7
06/18/2023,26546.1,26411.3,26465.9,26295.1
06/17/2023,26258.4,26539.8,26543,26410.5
06/16/2023,25559.3,26262.8,26362.7,26183.5
06/15/2023,25061.9,25564.2,25591.9,25451.4
06/14/2023,25987,25083.1,25205.7,25040.9
06/13/2023,26058.4,25982.2,26051.2,25914.1
06-12-2023,25795,26083.8,26138.6,25824
06-11-2023,25730.4,25796.6,26006,25635
06-10-2023,26329.8,25742.6,25862.3,25728.2
06-09-2023,26490.7,26336.1,26525.1,26298.9
06-08-2023,26341.5,26495.3,26592,26326.7
06-07-2023,26909.2,26298.4,26470.6,26231.3
06-06-2023,25733,26892.5,27342,26730.6
06-05-2023,26845.4,25729.8,25791,25611.1
06-04-2023,27062.3,26859.9,27125.5,26817.4
06-03-2023,27146.2,27062.6,27096.7,26956.1
06-02-2023,27007.5,27141.6,27246,27114
06-01-2023,26781.7,26943.2,26980,26541.3
05/31/2023,27658.3,26777.9,27340.9,26662.3
05/30/2023,27835.5,27689.8,27825,27606.6
05/29/2023,27972.8,27830.7,27925.7,27605.5
05/28/2023,27188.4,28060.6,28431.2,28057.8
05/27/2023,26754.6,27161.9,27172.4,26788.5
05/26/2023,26436.6,26765.4,26775.2,26639
05/25/2023,26186.9,26438,26534.7,26384.4
05/24/2023,26785.5,26192.6,26381.8,25892.5
05/23/2023,27371.1,26759.1,27220.7,26686.4
05/22/2023,26645.8,27381.4,27414.3,26804.1
05/21/2023,27178.1,26650.7,26780.7,26546.1
05/20/2023,26867.7,27193,27257.1,27066.5
05/19/2023,26802.9,26867.4,26899.3,26831.3
05/18/2023,27352.9,26839.2,26914.8,26751.2
05/17/2023,27073.2,27358.6,27467,27296.5
05/16/2023,27083,27102.3,27215.1,26984.1
05/15/2023,27168.1,27115.5,27295.3,26881.9
05/14/2023,26868,27232.4,27284.3,26752.1
05/13/2023,26783.5,26845.8,26850.6,26609.9
05-12-2023,26636.6,26823.7,26974,26695.6
05-11-2023,27445,26615,27044,26559.2
05-10-2023,27691,27451.8,27607.4,27402.7
05-09-2023,27639.5,27692.2,27808.4,27627.2
05-08-2023,28203.9,27592.7,27745.6,27552.9
05-07-2023,28806.3,28184,28627.8,28056.2
05-06-2023,29357.3,28811.3,29122,28754.8
05-05-2023,29197.3,29357.6,29816.4,29353.1
05-04-2023,29100.2,29179.9,29490.5,28825.3
05-03-2023,28525.8,29027.6,29187,28956
05-02-2023,28040.2,28536.4,28682.7,28370.3
05-01-2023,28563.2,28020.7,28142.7,27928.2
04/30/2023,29179.8,28560.9,29329.6,28432.6
04/29/2023,29367.6,29193.7,29235.1,29095
04/28/2023,29420.1,29367.8,29400.8,29217.4
04/27/2023,28875,29405,29587.1,29334.2
04/26/2023,28311.6,29030,29414,28392.4
04/25/2023,27390.1,28336.5,28460.3,28258.5
04/24/2023,27734.5,27344.5,27576.2,27332.7
04/23/2023,27601.1,27746.2,27978.8,27434
04/22/2023,27234.7,27556.2,27815,27492.1
04/21/2023,28245.8,27334,27336.9,27165.7
04/20/2023,28848.1,28304.8,28353.4,28109.2
04/19/2023,30212.8,28846.4,28992.9,28606
04/18/2023,29450.7,30207.2,30408.4,30153.3
04/17/2023,29984.1,29477.7,29490,29149.2
04/16/2023,30254.2,29983.4,30312.2,29786.1
04/15/2023,30379.1,30260.9,30322.9,30134.6
04/14/2023,30695.1,30390,30586.5,30302.3
04/13/2023,30079.6,30706.5,30836.8,30327.6
04-12-2023,29931.1,30068.5,30153.7,29864.5
04-11-2023,30112.9,29921.3,30327.6,29851.1
04-10-2023,28280.7,30081.8,30375.1,29597.8
04-09-2023,28034.8,28285.6,28422.1,28264.7
04-08-2023,28027.6,28044.8,28086.2,27932.6
04-07-2023,28042.7,28013.4,28048.9,27863.8
04-06-2023,28136.1,28044.7,28102.5,27936.5
04-05-2023,28547.3,28074,28173.5,27903
04-04-2023,27860.6,28525.8,28744.4,28100.8
04-03-2023,27756.5,27878.4,27945.8,27668.9
04-02-2023,28476.1,27762.7,28194.7,27608.9
04-01-2023,28473.7,28466.3,28795.1,28285.6
03/31/2023,28172.9,28562,28795.1,28415.7
03/30/2023,28477,28169.1,28353.3,27927.5
03/29/2023,27369,28541.6,29160.4,28181.2
03/28/2023,26975,27351.2,27456.7,27249.8
03/27/2023,27900.5,26976.7,27170.1,26847.8
03/26/2023,27529.7,27914.5,28023.3,27795.3
03/25/2023,27612.8,27515.1,27638,27429.1
03/24/2023,28195.1,27575,27665.1,27432.2
03/23/2023,27343.1,28229.5,28374.5,28152.6
03/22/2023,28167.3,27367.1,27431.5,27144.6
03/21/2023,27788,28174.3,28246.4,27960.7
03/20/2023,27269.6,27762.7,27930.6,27679.9
03/19/2023,27110,27191.3,28050.6,27170.5
03/18/2023,27297,27172.8,27185.8,26914
03/17/2023,25602.5,27332.1,27659.1,27132.6
03/16/2023,24370.8,25681.5,25884.1,24900.1
03/15/2023,24838.3,24249,24432,24147.9
03/14/2023,24281.1,24727.5,25040.3,24331.5
03/13/2023,22193.1,24361.2,24453.5,23994.6
03-12-2023,20384,22234.7,22542.5,21904.3
03-11-2023,20347.7,20391.8,20507.2,20325.3
03-10-2023,19879.5,20345.9,20669.5,20142.8
03-09-2023,21738.1,19904.6,20362,19813.7
03-08-2023,22144.6,21737.3,21802.3,21682.8
03-07-2023,22478,22128.8,22274.3,22092.8
03-06-2023,22343.3,22464.8,22535.1,22384
03-05-2023,22449.4,22344.1,22494.8,22320.2
03-04-2023,22340.6,22439.3,22636.7,22213.5
03-03-2023,22378.5,22328.5,22390.3,22326.3
03-02-2023,23538.6,22352.6,23473.4,22051.9
03-01-2023,23797.2,23515.4,23780.5,23435.5
02/28/2023,23414.8,23801.1,23801.1,23025.3
02/27/2023,23491.5,23408.4,23543.6,23360.2
02/26/2023,23187.7,23474.6,23634.3,23440.9
02/25/2023,23124.5,23172,23249.6,23066
02/24/2023,23948.2,23107.5,23215.3,23051
02/23/2023,24518.1,23980,24123.4,23893.8
02/22/2023,24153.4,24455.8,24590.4,24127.6
02/21/2023,24902.1,24137.2,24474.3,23894.7
02/20/2023,24478.3,24877.8,25081.2,24785.1
02/19/2023,24714.4,24461.5,24534.8,23868.6
02/18/2023,24628.5,24690.9,24765.3,24623.6
02/17/2023,23806.8,24635.8,24772.4,24531.4
02/16/2023,24643.9,23765.6,23883.3,23373
02/15/2023,21696.7,22112,22198.5,22050.8
02/14/2023,21706.7,22111.1,22198.5,22050.8
02/13/2023,21834.9,21716,21808.1,21681.3
02-12-2023,21781.3,21831.9,21856.7,21656.9
02-11-2023,21688,21767.7,21879.4,21764.5
02-10-2023,21795.5,21682.7,21714.6,21605.3
02-09-2023,22566.2,21801.7,21933.6,21722.6
02-08-2023,23248.5,22574.3,23003.6,22425.6
02-07-2023,22881.9,23246.1,23425.1,23233
02-06-2023,22872.7,22872.6,22922,22748.2
02-05-2023,23343.1,23385.6,23423.4,23253.9
02-04-2023,23337.1,23360.1,23370,23253.9
02-03-2023,23513.8,23334.3,23461.2,23317.5
02-02-2023,23881.7,23525.8,23581.9,23418
02-01-2023,23136.1,23905.7,24207.2,23694.4
01/31/2023,22859.2,23128.5,23171.7,23031.9
01/30/2023,23715.6,22842.7,22900.6,22724.9
01/29/2023,22977.3,23338.2,23533.5,22973.3
01/28/2023,23093.1,23127.8,23456.4,22973.3
01/27/2023,22774.4,23096.9,23182.3,23048
01/26/2023,23124.4,22819.3,23072.1,22602.9
01/25/2023,22646.9,23174.5,23259.5,23055.2
01/24/2023,23073.6,22652.7,22714.2,22366.3
01/23/2023,22669.9,23087.1,23139.2,22878.9
01/22/2023,22756.9,22744,22802,22663.8
01/21/2023,22596.9,22840.4,22959.7,22634.3
01/20/2023,20992.6,22614.6,22724.8,22461.1
01/19/2023,20809.3,21053,21181,21018.6
01/18/2023,21273.2,20813.9,20858,20669.7
01/17/2023,21157.2,21286.3,21371.2,21136.4
01/16/2023,21151.8,21157.3,21289.6,20926.2
01/15/2023,20698.8,21147.6,21414.7,20802.1
01/14/2023,20894,20686.5,20996,20590.4
01/13/2023,18833.1,20913.7,21185.6,19898.6
01-12-2023,18217.3,18853.9,18882.8,18723.8
01-11-2023,17414,18220.2,18298.8,17915.5
01-10-2023,17218,17410.7,17499.1,17371.1
01-09-2023,17226.3,17216.1,17232.6,17151.7
01-08-2023,16935.2,17234.3,17244.2,17107.1
01-07-2023,16937.9,16936.1,16953.7,16913.8
01-06-2023,16822.1,16942.6,16979.6,16932.3
01-05-2023,16837.1,16818.3,16871.2,16804.9
01-04-2023,16861.3,16836.8,16875.1,16813.6
01-03-2023,16684.9,16875,16890.9,16656.5
01-02-2023,16634.2,16685.2,16704.7,16652.1
01-01-2023,16517.6,16638.3,16699.7,16551
12/31/2022,16550.1,16520.3,16557.2,16510.8
12/30/2022,16611.4,16544.8,16613.6,16543.1
12/29/2022,16568.5,16607.5,16644.4,16585
12/28/2022,16661.1,16571.1,16584.8,16496.6
12/27/2022,16891.7,16661.8,16737.1,16585.7
12/26/2022,16877.2,16884.8,16964,16844.9
12/25/2022,16826.1,16876.3,16914.2,16822
12/24/2022,16828.6,16819.6,16850.8,16816.2
12/23/2022,16839,16830.6,16845.8,16777.8
12/22/2022,16836.4,16830,16889,16774.1
12/21/2022,16794.4,16849.6,16858.3,16811.2
12/20/2022,16804,16810.9,16919.4,16798.1
12/19/2022,16711.7,16790.3,16849.4,16400.7
12/18/2022,16763,16728.7,16809.5,16642
12/17/2022,16706.3,16764.3,16797.3,16709.1
12/16/2022,17425.8,16715.5,16723.2,16587
12/15/2022,17726.9,17403,17427.3,17351.8
12/14/2022,17783.1,17693.6,17846.1,17600
12/13/2022,17151.3,17762.1,17834.3,17753.2
12-12-2022,16917.9,17163.6,17234.4,17123.4
12-11-2022,17153.9,16927.6,17093.2,16878.5
12-10-2022,17154,17170.7,17174.4,17123.3
12-09-2022,17201.5,17156.1,17164.2,17121.3
12-08-2022,16823.7,17193.2,17288.6,17192.9
12-07-2022,17040.1,16823,16881.5,16789
12-06-2022,16999.6,17020.4,17126.7,17015.1
12-05-2022,17374.9,17010.7,17097.4,16966.3
12-04-2022,17005.6,17255,17306.3,17080.9
12-03-2022,16934.5,17014,17132.6,17010.8
12-02-2022,16901.4,17013.2,17132.6,17012.9
12-01-2022,17147.5,16923.6,17039.7,16867.6
11/30/2022,16865.4,17140.9,17222.6,17099.8
11/29/2022,16283.4,16847,17061.1,16433.2
11/28/2022,16208.1,16462.9,16471.2,16100.1
11/27/2022,16526.7,16194.2,16481.4,16060.8
11/26/2022,16628.4,16556.4,16595.4,16450.1
11/25/2022,16385.8,16627.1,16686.3,16511.2
11/24/2022,16697.2,16399.2,16611.8,16399.2
11/23/2022,16501.4,16695.9,16785.6,16539.9
11/22/2022,15817.8,16508.8,16576.3,16162.3
11/21/2022,16147.7,15836.8,15937.1,15751.7
11/20/2022,16638.3,16711.8,16749.3,16670.4
11/18/2022,16691.2,16633.8,16846.3,16553
11/17/2022,16549.5,16691.2,16739.7,16425.8
11/16/2022,16882.7,16533.1,16993.4,16408.2
11/15/2022,16768.5,16916.5,16993.4,16775.2
11/14/2022,15989.4,16767.9,16880.2,16543.9
11/13/2022,16860.1,15943.1,16394.7,15898.6
11-12-2022,16756,16881.3,16946.5,16779.3
11-11-2022,17070.6,16789.3,17100.8,16779.4
11-10-2022,16492.6,17046.5,17679.4,16897.9
11-09-2022,18244.6,16396.8,16523.8,15799.3
11-08-2022,19667.3,18234.1,18583.8,18007.4
11-07-2022,20889.6,19676.9,20667.5,19576
11-06-2022,21229.2,20887,21055.4,20827.7
11-05-2022,21445.3,21242.5,21360.4,21206.8
11-04-2022,20325.8,21404.1,21464.7,21084.1
11-03-2022,20307.3,20319.9,20324.3,20184.6
11-02-2022,20520.6,20310.6,20337.1,20123.5
11-01-2022,20490.2,20535.6,20548.5,20416.4
10/31/2022,20519.1,20487,20581.7,20450.3
10/30/2022,20772.9,20515.2,20670,20438.4
10/29/2022,20755.3,20777,20836.9,20706.3
10/28/2022,20295,20749.1,20802.4,20561.9
10/27/2022,20745.4,20259.2,20326.8,20201.6
10/26/2022,20252.9,20742.9,20836,20646.2
10/25/2022,19341.4,20269.4,20299.1,20062.9
10/24/2022,19391.2,19343.9,19359.3,19251
10/23/2022,19198.6,19393,19588.6,19350.1
10/22/2022,19155.3,19198,19218.6,19168.6
10/21/2022,19049.9,19135.2,19178.7,19116.1
10/20/2022,19052.1,19054.3,19122.9,19003.9
10/19/2022,19291.5,19039.8,19163,18935.6
10/18/2022,19491.7,19291.4,19692.9,19102.8
10/17/2022,19204.7,19555.5,19617.2,19487.5
10/16/2022,19110.6,19197.8,19307.2,19164.7
10/15/2022,19194.3,19123.9,19162.6,19066
10/14/2022,19815.7,19209.2,19218.7,19138.3
10/13/2022,19087.6,19825.5,19933.9,19342.4
10-12-2022,19048.9,19099.7,19168.4,19039.9
10-11-2022,19044.3,19052.6,19127.3,19031.3
10-10-2022,19451.1,19049.5,19134.6,18962.7
10-09-2022,19373.4,19448.4,19520.7,19408.9
10-08-2022,19507.2,19344.1,19450,19334.3
10-07-2022,19981.9,19539.7,19612.2,19516.8
10-06-2022,20361.4,19998.9,20051.4,19947.8
10-05-2022,20188.3,20331.7,20436.7,20145.4
10-04-2022,19598.4,20199.9,20353.8,20163.4
10-03-2022,19163.9,19581.2,19709.8,19506.4
10-02-2022,19310.5,19179.2,19251,19001.3
10-01-2022,19414.5,19309.4,19342.5,19250.1
09/30/2022,19397.2,19402.5,19480.3,19362.2
09/29/2022,19504.2,19343.9,19688.5,19325
09/28/2022,18742.2,19528.7,19587.8,19316
09/27/2022,20103.3,18692,19232.3,18505.3
09/26/2022,18875.4,20119.9,20287.3,19194.5
09/25/2022,19053.1,18866.5,18943.1,18735
09/24/2022,19122.8,19042.9,19051.2,18914.3
09/23/2022,19384.8,19098.5,19310.6,19048.2
09/22/2022,18686.6,19408.3,19463.5,19236.3
09/21/2022,19023.7,18703.8,18772.4,18371
09/20/2022,19364.8,19013.7,19052,18843.9
09/19/2022,18772.6,19356.8,19626.3,19183.9
09/18/2022,19995,18806.8,19508.5,18712.8
09/17/2022,19879.5,19956.2,20113.7,19956
09/16/2022,19745,19893.1,20055.8,19774.2
09/15/2022,20029.4,19737.5,19799.3,19602.3
09/14/2022,20320,20025.5,20265.5,19942.8
09/13/2022,22231.6,20351.8,20503.7,20069
09-12-2022,21654,22218.7,22431.3,22072.6
09-11-2022,21545.9,21612.1,22296.4,21581.6
09-10-2022,21311.9,21518.5,21679.6,21472.3
09-09-2022,19925.2,21317.8,21380.7,21170.4
09-08-2022,19218.9,19838.5,19851.9,19294.1
09-07-2022,18739.4,19228.4,19376.6,19169.6
09-06-2022,19781.8,18722.1,18866.7,18548.4
09-05-2022,19882.5,19761.9,20169.3,19687.4
09-04-2022,19773.4,19896.2,20042.9,19818.6
09-03-2022,19897.1,19761.7,19855.4,19756.7
09-02-2022,20166.2,19902.8,20043.8,19875.9
09-01-2022,20015.8,20183.9,20232.5,19960.6
08/31/2022,20408,20007.8,20202.7,19931
08/30/2022,20267.9,20389.3,20435.5,19793.4
08/29/2022,19858,20257.7,20295.6,20120.9
08/28/2022,19996.6,19844.7,19931.4,19551.2
08/27/2022,20206.8,19999.1,20134.1,19927.8
08/26/2022,21554.4,20238.9,20343.6,20144.7
08/25/2022,21328.8,21521.6,21632.5,21324.7
08/24/2022,21259.4,21468.2,21632.5,21324.7
08/23/2022,21229.7,21239.8,21551.1,21171.1
08/22/2022,21419,21285.7,21458.2,21271.2
08/21/2022,21250.8,21380.6,21489.9,21077.4
08/20/2022,21146.8,21186.6,21322.4,21126.1
08/19/2022,22814,21135.4,21170.7,20813.5
08/18/2022,23457.8,22783.2,23202.3,22718.2
08/17/2022,23988.2,23447.6,23512.3,23297.7
08/16/2022,24045.7,24018.2,24077,23834.6
08/15/2022,24920.6,24101.5,24240.8,23858.9
08/14/2022,24602.8,24832.1,25205.7,24193.8
08/13/2022,24666.5,24589.3,24623.4,24352.9
08-12-2022,24008.3,24744.9,24787.5,24337.5
08-11-2022,24268.1,23997.1,24090,23765.2
08-10-2022,22913.8,24353.8,24481.3,23923.3
08-09-2022,23833.5,22876.6,23150.5,22714.7
08-08-2022,23305.4,23813.3,23866.2,23636.4
08-07-2022,22990.5,23307,23339.8,23160.6
08-06-2022,23266.8,22999.6,23048,22852.3
08-05-2022,23050.6,23202.8,23344.4,23167
08-04-2022,23073.1,23158.2,23188.4,22593.5
08-03-2022,22842.6,23069.8,23214.5,22794.4
08-02-2022,22853.6,22852.4,23060,22698.6
08-01-2022,23375.4,22876.7,23412.7,22790.9
07/31/2022,23741.9,23361,23459.1,23265.9
07/30/2022,23801.6,23706.7,23864.6,23548.9
07/29/2022,23918.9,23813.7,23956.5,23698
07/28/2022,23120.7,23924,23938.7,23711.8
07/27/2022,21074.1,23139.2,23418.2,22714.1
07/26/2022,21144.8,21068.7,21279.8,21047.5
07/25/2022,21863.6,21143.6,21322.3,20916.6
07/24/2022,22332,21802.8,22653.3,21802.7
07/23/2022,22838.2,22333.2,22664.6,22311
07/22/2022,22912.3,22883.4,22896,22591.3
07/21/2022,22774.2,22910.9,23344.4,22873.6
07/20/2022,23434.3,22841.5,23403.8,22680.9
07/19/2022,21891.7,23430.7,23502,22965.9
07/18/2022,21296.7,21835.6,22910.2,21835.6
07/17/2022,21324.6,21265.2,21360.8,20770.6
07/16/2022,20744.5,21344.5,21445.1,21091.8
07/15/2022,20614,20757.6,20857.4,20617.4
07/14/2022,20224.6,20547.4,20811.3,20393.4
07/13/2022,19468.9,20221.4,20405.5,20187.9
07-12-2022,19941.1,19475.1,19544.6,19267.3
07-11-2022,20547.9,19924.2,19993.7,19794.8
07-10-2022,21297.3,20615.7,20855,20467.6
07-09-2022,21608.9,21298.5,21599.2,21190.7
07-08-2022,22121.5,21603.8,21681.3,21440.2
07-07-2022,20473.8,22102,22482.1,21580.9
07-06-2022,19942,20460.6,20584.2,20390.7
07-05-2022,20301.9,19948,20360.7,19785.3
07-03-2022,19235.2,19078,19342.5,18794.4
07-02-2022,19119.1,19273.8,19297.3,19172.6
07-01-2022,19733.7,19103.7,19369.2,19067.7
06/30/2022,20072.4,19854.4,20785.6,19668.6
06/29/2022,20291,20064.8,20155.1,19955.1
06/28/2022,20731.9,20240.5,20384.2,20180.5
06/27/2022,21173.9,20718.4,20862.8,20538
06/26/2022,21425.2,21132.9,21178.6,20937.3
06/25/2022,21296.1,21419.2,21531.1,21293.8
06/24/2022,21068.9,21320.3,21373.2,21132.7
06/23/2022,20210.3,21069.2,21316,20982.2
06/22/2022,20312.8,20259.8,20578.7,19907.5
06/21/2022,20611.9,20277.3,20720.2,20276.2
06/20/2022,19990.2,20637.4,20764.8,20371.7
06/19/2022,18276.9,20078.6,20607.1,19658.8
06/18/2022,20429.8,18462.4,19169.5,18230.1
06/17/2022,20375,20420.4,20744.7,20311
06/16/2022,22205.1,20395.9,21017.6,20244.1
06/15/2022,21448,22213,22942.1,22187.8
06/14/2022,22099.2,21648.5,22254.6,21545.8
06/13/2022,25533.1,22022.8,22771.4,20860.9
06-12-2022,27573.1,25522.6,26857.6,24978.3
06-11-2022,29268.7,27622.2,28534.8,27313.1
06-10-2022,30116.2,29268.5,29304.3,29046.4
06-09-2022,30290,30159.6,30325.6,29663.2
06-08-2022,30009.4,30271.8,30317.3,30070.9
06-07-2022,29572.5,30095.8,31312.1,29879
06-06-2022,31248,29567.6,31370.3,29235
06-05-2022,29755.6,31193.9,31222.9,29888.6
06-04-2022,29564.4,29746.8,29890.6,29684
06-03-2022,30543.2,29565,29758,29493.2
06-02-2022,29814.9,30486.2,30674.8,30367.7
06-01-2022,31801.2,29716.8,29890.9,29620.7
05/31/2022,31689,31631,31969.9,31627.9
05/30/2022,29149.5,30598.9,30833.7,29307.2
05/29/2022,28901.1,30301.8,30375.3,29307.2
05/28/2022,28694.9,28939.3,29041.2,28838.7
05/27/2022,28983.3,28789.8,28826.4,28537.2
05/26/2022,29808.2,29045.8,29377.1,28848.8
05/25/2022,30179.2,29787.1,29868.9,29518
05/24/2022,29301.9,30162.7,30191.9,29551
05/23/2022,30157.8,29281,29310.6,29069.3
05/22/2022,29352.7,30149.6,30423.7,30059.8
05/21/2022,29250.2,29360.2,29535.3,29360.2
05/20/2022,30168.6,29187.4,29328.1,28953.9
05/19/2022,29180.6,30209.3,30735.1,30126.2
05/18/2022,29834.8,29202.1,29281.8,28682.1
05/17/2022,30361.1,29840.9,30687.9,29802.4
05/16/2022,30312.8,30426.4,30488.1,29804.3
05/15/2022,29722.1,30298,31312.4,30211.2
05/14/2022,29568.9,29700.5,30226.3,29554.4
05/13/2022,30567.5,29540.2,29788.8,29223.9
05-12-2022,28383.7,30636.3,30713.2,28755
05-11-2022,31204.8,28757.2,30136.7,28503.5
05-10-2022,30655.3,31290.5,31661,30652.7
05-09-2022,33557,30665.4,31380.7,29831
05-08-2022,34478,33582,34227,33296
05-07-2022,35813,34461,35497,34228
05-06-2022,36431,35866,36051,35757
05-05-2022,39736,36405,36646,36155
05-04-2022,38017,39727,39791,39555
05-03-2022,38500,38004,38098,37660
05-02-2022,38705,38523,38603,38312
05-01-2022,38045,38699,38807,38387
04/30/2022,38652,38005,38077,37397
04/29/2022,39512,38649,38775,38549
04/28/2022,39345,39487,39919,39299
04/27/2022,38333,39352,39698,39164
04/26/2022,40549,38379,38476,37869
04/25/2022,39254,40536,40724,40398
04/24/2022,39787,39255,39505,38695
04/23/2022,39464,39801,39829,39421
04/22/2022,40502,39441,39852,39433
04/21/2022,41711,40549,40655,40258
04/20/2022,41409,41669,41780,41339
04/19/2022,40701,41359,41550,41235
04/18/2022,39820,40710,41271,40613
04/17/2022,40424,40430,40531,40129
04/16/2022,40425,40299,40432,40129
04/15/2022,40208,40432,40691,40414
04/14/2022,41332,40155,40173,39781
04/13/2022,40071,41314,41494,41062
04-12-2022,39717,40095,40267,39581
04-11-2022,42108,39695,39845,39293
04-10-2022,42783,42079,42418,41791
04-09-2022,42391,42786,42893,42605
04-08-2022,43612,42419,42468,42129
04-07-2022,43326,43572,43697,43304
04-06-2022,45180,43297,43559,42747
04-05-2022,46654,45228,45512,44417
04-04-2022,46025,46622,46788,46430
04-03-2022,45962,46110,46442,45772
04-02-2022,46366,46201,47212,45641
04-01-2022,44597,46541,47212,46096
03/31/2022,47100,44525,45652,44261
03/30/2022,47470,47109,47438,46980
03/29/2022,47347,47475,47475,46601
03/28/2022,47060,47350,47631,47087
03/27/2022,44739,47016,47561,46672
03/26/2022,44425,44652,44950,44511
03/25/2022,43984,44380,44471,44090
03/24/2022,42738,43969,44400,43883
03/23/2022,42118,42797,43284,42683
03/22/2022,42257,42145,42552,41930
03/21/2022,40855,42263,42490,40893
03/20/2022,41961,40887,41471,40530
03/19/2022,41804.4,41988,42301,41804
03/18/2022,40528.3,41575.3,41998.4,41529.6
03/17/2022,41006.2,40498.2,40935.6,40272.9
03/16/2022,39160.8,41003.8,41379.8,40825.1
03/15/2022,38773.8,39177.4,41701.6,38996.6
03/14/2022,38172.4,38729.5,39786.1,38658
03/13/2022,39189.3,38109.1,38294.7,37613.6
03-12-2022,39093.5,39181.1,39272.3,38733.1
03-11-2022,38515.4,39188.2,39289.9,38666.5
03-10-2022,39543.1,38491,39431.9,38236.4
03-09-2022,41637,39648,42029.1,39466.2
03-08-2022,38558,41623.2,41793.9,38663.3
03-07-2022,37931.7,38487.5,38935,37886.6
03-06-2022,39468.9,37951.3,38543.2,37597.7
03-03-2022,43912.8,42449.2,44077.2,41840.8
03-02-2022,44252.7,43300.1,44041.7,43258.7
03-01-2022,43350,44336.6,44730.7,43857.6
02/28/2022,37818.6,43331.5,43638.6,42890.9
02/27/2022,38610.6,37827.8,38336.3,37458.9
02/26/2022,39420,38608.2,39255,38230.9
02/25/2022,38927.2,39443.6,40094.5,39166.3
02/24/2022,34912.1,38756.5,38991,38167
02/23/2022,37760.5,35078.8,37417.3,34594.1
02/22/2022,36576.5,37982.8,38329.9,37598.7
02/21/2022,38935.8,36714.9,37421.1,36399.6
02/20/2022,39533.9,39234,39320.6,38226.8
02/19/2022,40140,39622.6,40120.3,39588.5
02/18/2022,40693.8,40169.6,40284,39940.6
02/17/2022,43635,40652.1,40928.6,40318
02/16/2022,43900.1,43692.1,44167.1,43376.3
02/15/2022,43492.8,43852.7,44552.9,43692.2
02/14/2022,41967.6,43483.8,43732.5,42460.1
02/13/2022,42207.6,41909.3,42170.6,41591.3
02-12-2022,42291,42202.7,42495.3,42080
02-11-2022,43108,42275.7,42480.7,42179.9
02-10-2022,43802.1,43052.3,43705.9,42643.7
02-09-2022,43469.5,43607.8,44398.2,43594.8
02-08-2022,44370.6,43555.2,44305.3,43202.1
02-07-2022,42839.2,44287.8,44304.4,43585.5
02-06-2022,41551.6,42793.1,42922.9,41695.4
02-05-2022,41467.3,41521.7,41641.2,41321.1
02-04-2022,37301.6,41450.2,41873.6,41201.1
02-03-2022,36915.5,37334.7,37420.8,37041.1
02-02-2022,38469,36961.3,37043.1,36773.4
02-01-2022,38564.9,38467.8,38853.8,38399.7
01/31/2022,36915.8,38539.1,38644.7,38189.4
01/30/2022,38120.7,36958.5,37923.8,36672.8
01/29/2022,37834.2,38040.5,38274.7,37796.4
01/28/2022,37214,37844.5,37977,37465.4
01/27/2022,35947.3,37151.3,37452.8,36662.4
01/26/2022,37784.3,35905.8,37067.9,35543.2
01/25/2022,33701.2,36391.9,36717.6,35729.3
01/24/2022,35121.4,36013.2,36691.3,35976.4
01/23/2022,35227.4,35095.6,36268.6,35095.6
01/22/2022,36286.7,35245.4,35516.8,34821.4
01/21/2022,38809.5,36303.9,36749.8,36082.4
01/20/2022,41902.4,38853.1,41104.6,38300.8
01/19/2022,41715.7,41929.2,42072.7,41658.9
01/18/2022,42041.6,41705.1,42492,41609.5
01/17/2022,42623.5,42026.6,42420.3,41931.5
01/16/2022,43035.1,42721.7,43179.6,42610.7
01/15/2022,42937.5,43069.7,43150,42873.1
01/14/2022,42687.5,42878.6,43179,42759.6
01/13/2022,43632.1,42747.6,42824.4,42380.9
01-12-2022,42628.4,43618.7,44039.1,43437.3
01-11-2022,42325.5,42576.5,42968.4,42476.7
01-10-2022,42198.5,42191,42377.3,41582
01-09-2022,41809.4,42346.2,42764.4,41260.9
01-08-2022,41902.2,41976.8,42168.4,41396.8
01-07-2022,41656.7,41950.2,42226.8,41551.3
01-06-2022,43051,41628.5,43127.7,41070
01-05-2022,46398.9,42947.9,43772.3,42615.8
01-04-2022,46096.5,46439.5,46536.5,45750.1
01-03-2022,46825.2,46069.1,46517.6,45967.2
01-02-2022,46919.1,46819.5,47292,46740.9
01-01-2022,46709.5,47043.6,47753.3,47043.6
12/31/2021,47204.7,46762.2,46925.4,46217.5
12/30/2021,46503.3,47315.3,47451.6,46835.4
12/29/2021,48006.7,46773,46922,46003
12/28/2021,49821.4,47862.4,48121.7,47484.8
12/27/2021,51012.7,49151.8,50703.8,48743.7
12/26/2021,49701.7,51003.8,51129.7,50459
12/25/2021,50836.9,49819.5,50663.2,49631.7
12/24/2021,51038.4,50890.6,51131.9,50633.8
12/23/2021,48371.2,51052,51521.4,50657.1
12/22/2021,49227,48475.2,48723.4,48089.3
12/21/2021,48577,49302.3,49540.3,48617.7
12/20/2021,46990.8,48589.7,48797.6,46654
12/19/2021,47322.3,47133.6,48068.4,46438.4
12/18/2021,46418.4,48000.5,48068.4,46438.4
12/17/2021,47925.9,46421.2,46493.4,45513.4
12/16/2021,48756.4,47915.7,47997.2,47500.5
12/15/2021,48243.2,48788.9,49256.4,48603.9
12/14/2021,47007,48249.7,48670,47868.7
12/13/2021,49041.3,46988.2,47210.1,46338.3
12-12-2021,48864,49007.3,50196.1,48483.9
12-11-2021,48546.4,48922.7,49652.7,48917.4
12-10-2021,48205.8,48434.8,48669.8,46834
12-09-2021,49819.8,48234.5,48751.2,47473.8
12-08-2021,50230.2,49730.4,50790.2,49501.1
12-07-2021,50916.3,50189.3,50799.1,50090.9
12-06-2021,49004.9,50907.7,51351.1,50378.7
12-05-2021,48957.6,49059,49457.2,48317.2
12-04-2021,55320.6,48367.5,53847.2,42587.8
12-03-2021,56598.7,51422.3,53847.2,51422.3
12-02-2021,56509.6,56546.4,56752.2,56116.3
12-01-2021,57081.6,56496.9,57377.5,55807.9
11/30/2021,57209.6,57078.1,57671.5,56715
11/29/2021,57263.2,57219.4,57961.1,56819.6
11/28/2021,54045,57371.9,58228.5,57157.7
11/27/2021,54496.1,53998,54804.3,53735.5
11/26/2021,57900.3,54553.2,54622.7,53654.3
11/25/2021,57746.4,57815.7,59151.1,57696.6
11/24/2021,56402.5,57272.3,58262.9,57127.1
11/23/2021,56932.2,56578.8,57697.4,56171.3
11/22/2021,57399.8,56902.1,57243.9,56024.2
11/21/2021,58679,57290,58719.7,57203.6
11/20/2021,58543.1,58654.6,59771.9,58598.5
11/19/2021,55903.4,58425.7,58982.4,57963
11/18/2021,59862.2,56147.5,57502.4,55626.3
11/17/2021,59037.2,59941.3,60936.9,59661.5
11/16/2021,61258.5,58999.1,60398.7,58584
11/15/2021,65776.6,61418.5,63605.6,60375.5
11/14/2021,64743.7,65736.6,66160.7,65514.9
11/13/2021,63701,64749.6,65289.1,64397.2
11-12-2021,64921.3,63800.9,64417,63584.4
11-11-2021,64642,65005.4,65449.7,64158.4
11-10-2021,66644.3,64556.4,65042.2,64121.9
11-09-2021,68277.9,66627.7,67357.6,66263.9
11-08-2021,65181.3,68205.4,68493.3,67169.7
11-07-2021,62194.2,65164.5,65575.3,63276.4
11-06-2021,61132.9,62091.7,62307.7,61347.2
11-05-2021,62242.1,61078.6,61289.5,60828.8
11-04-2021,62439.2,62139.5,62326.3,60856.7
11-03-2021,63211.6,62464,63077.6,62293.8
11-02-2021,61091.8,63041.7,63508.6,62810.7
11-01-2021,59952.3,61098.7,61523.4,60651.5
10/31/2021,61699.2,60086.2,61733.9,60019.3
10/30/2021,61667.6,61648.6,62393.7,61617.3
10/29/2021,61661.1,61707.2,62338.5,61646.6
10/28/2021,58791.6,61558.1,62009.1,60322.2
10/27/2021,60536.2,58791.1,58946.1,58128.1
10/26/2021,62738.2,60708.6,60830.4,60159.3
10/25/2021,61955.9,62688.4,63275.1,62647.9
10/24/2021,61197.5,62094.3,62214.4,60655.8
10/23/2021,61133.6,61253.3,61469.9,60829.3
10/22/2021,62840.3,61162.7,61243.3,60434.1
10/21/2021,65070.5,63145,63305.5,62152.8
10/20/2021,63847.2,64998.5,66004.7,64125.9
10/19/2021,62603.8,63918.7,64343.4,63750.8
10/18/2021,62126.1,62643.6,62954,61692.9
10/17/2021,61133.8,62055.5,62563.5,61415.4
10/16/2021,61624,61159,61333.9,60511.2
10/15/2021,59435.5,61426.5,61736.8,61123.2
10/14/2021,58071.6,59323.5,59417.7,56874.8
10/13/2021,56279.9,58168.4,58506.5,57149.8
10-12-2021,56673.3,56297.4,56537.3,55845.3
10-11-2021,56505.4,56704.4,57480.6,56438.3
10-10-2021,55076.9,56534.9,56681.6,54457.8
10-09-2021,54583.6,54868.6,55169.9,54100.8
10-08-2021,53802.5,54637.5,54681.9,53711.7
10-07-2021,54818.2,53810.6,54418.1,53716.1
10-06-2021,51537.3,54966.6,55325.2,54162.7
10-05-2021,49302.5,51540.8,51604.6,50993
10-04-2021,47486.7,49210.2,49760.2,49060.1
10-03-2021,47882.1,47498.3,48285,47398.7
10-02-2021,47533.6,47662.7,47800.5,47123
10-01-2021,43621.5,47548,48226.6,47509.1
09/30/2021,43627.3,43467.3,44011.5,43292.9
09/29/2021,42162.2,43446.4,43495.4,41416.7
09/28/2021,42553.8,42092.6,42108.5,40815
09/27/2021,41960.3,43863.5,44293.2,42949.7
09/26/2021,42199.8,43889.5,44293.2,42949.7
09/25/2021,42634.9,42234.2,42737.6,41943.9
09/24/2021,44289,42654.1,42944,42073.8
09/23/2021,44070,44365.4,44977.5,44336.6
09/22/2021,42051.4,43959.2,44162.9,43090.1
09/21/2021,42684.5,42206.2,42393.4,40585.7
09/20/2021,45584.9,42686.2,43035.6,40401.5
09/19/2021,47840.2,45526.3,47323.9,45310.7
09/18/2021,47926.1,47940.9,48341.9,47650.8
09/17/2021,48032.7,47526.6,47572,47070.5
09/16/2021,47625.4,47876.3,48095.8,47466.5
09/15/2021,47091.9,47545.5,48181.9,47358.8
09/14/2021,45193.2,47097.4,47396,46953.7
09/13/2021,44845,45281.7,45353.8,44718.7
09-12-2021,45319.6,44973.6,46269.8,44830
09-11-2021,45190.1,45308.7,45338.8,44755.2
09-10-2021,46721.5,45023.2,45476.1,44766.6
09-09-2021,45973.9,46604.7,47021.6,46287.7
09-08-2021,46444.2,45904.5,46341.9,45609
09-07-2021,52649.9,46533.2,47316.9,46329.3
09-06-2021,51601.2,52639.6,52885.3,52388.6
09-05-2021,50099.3,50129.3,50285.9,49492.4
09-04-2021,50280.5,49716.3,50285.9,49705.6
09-03-2021,49485.2,50267.4,50346.3,49603.1
09-02-2021,49567,49446.8,49497.3,48377.3
09-01-2021,47050.5,49571.7,49870.3,48612.9
08/31/2021,47151.5,46918.2,47289.5,46533.1
08/30/2021,47964.3,47177,47204.9,46709.3
08/29/2021,48231.9,47944.6,48886,47822.7
08/28/2021,48862.5,48258.5,49621.7,48101.9
08/27/2021,46822.3,48880.7,49289.4,48846.4
08/26/2021,47263.6,46867.7,49347.8,46584
08/25/2021,47993.2,47967.1,49347.8,47898.8
08/24/2021,49341.6,48000.6,48277.5,47669.8
08/23/2021,50263.4,49352.5,49685.2,48812.4
08/22/2021,48807.3,50226.5,50329.4,49099
08/21/2021,48834.5,48736.4,49164.1,48623.7
08/20/2021,47056.5,48901.9,49334,48744.8
08/19/2021,44073.6,47048,47377.9,46646.8
08/18/2021,45048.2,44177.2,45184.6,44086.7
08/17/2021,46393.3,44959,45133.9,44230
08/16/2021,47375.4,46399.9,46589.1,45323.2
08/15/2021,46870.1,47497.9,48002.4,46814.1
08/14/2021,47546,47015.6,47344.1,46928
08/13/2021,44950.2,47500.4,47826.5,47408.6
08-12-2021,45916.8,44962.2,45012.1,44242.4
08-11-2021,45585.1,46123.5,46213.8,45432.5
08-10-2021,45714.8,45600.4,45983,45367.9
08-09-2021,43504.9,45689.8,46663.4,45659.4
08-08-2021,44327.7,43552.4,43958.6,42824.1
08-07-2021,43712.7,44307.8,44749.5,43842.5
08-06-2021,40223.3,43672.9,43707.4,42611
08-05-2021,39433.6,40166.6,40979,39967.4
08-04-2021,37972.1,39431.3,39834.2,39202.6
08-03-2021,38653.8,38054.8,38555.5,37904.4
08-02-2021,39789.5,38569.7,39766.6,38543.5
08-01-2021,42446.5,39782.5,40078.5,39306.9
07/31/2021,41818,42281.8,42361.8,41123.8
07/30/2021,39981.7,41914.8,42285.3,41645.5
07/29/2021,39657.8,39976.3,40245.6,39769.8
07/28/2021,39845,39740.4,40205.2,39340.8
07/27/2021,36552,39831.3,40296.4,38946.6
07/26/2021,38072.6,36914.2,37514.9,36427.4
07/25/2021,33824.8,38138,39639.9,35236.7
07/24/2021,33670.3,34234.5,34302.5,33956.8
07/23/2021,32591.5,33611.3,33776.7,33412.9
07/22/2021,31941.1,32537.4,32746.2,32215
07/21/2021,29841.3,31960.1,32352.3,31803.1
07/20/2021,29609.5,29849.9,29901.8,29519.3
07/19/2021,31553.7,29619.3,31040.8,29574
07/18/2021,32151.5,31577.7,31838.7,31462.8
07/17/2021,31310.2,32132.1,32408.2,31490.2
07/16/2021,31899.8,31326.6,31616.8,31207.8
07/15/2021,32760.4,31906.4,32016.9,31581.1
07/14/2021,32543.1,32711.8,33157,32657.7
07/13/2021,33075.9,31785,32778.8,31695.8
07-12-2021,34267.6,33139.4,33220.4,32839.5
07-11-2021,33535.6,34504.4,34507.9,34077.1
07-10-2021,33725,33461.4,33794.9,33434.4
07-09-2021,32747,33827.8,34221,33678
07-08-2021,33372.9,32956.6,32993.5,32367
07-07-2021,34444.3,33359.6,33923.2,33095.9
07-06-2021,33923.3,34428.1,34495.7,33966.6
07-05-2021,34371.6,33883.2,34157.4,33669.5
07-04-2021,34742.8,34334.7,35300.5,34309.2
07-03-2021,33299,34771.6,34909.8,33363.3
07-02-2021,32909.5,33396,33895.1,33363.3
07-01-2021,34155.1,32895.6,33925.9,32778.7
06/30/2021,35071.7,34202.6,35030.7,34174.5
06/29/2021,34584.1,35254.7,36089.5,35148.9
06/28/2021,34396.1,34555.3,35125.8,34247.6
06/27/2021,33152.6,34458.7,34884,34319.5
06/26/2021,32000,33189.6,33192.3,32041.7
06/25/2021,35103.5,32063.6,32214.2,31360.1
06/24/2021,32612.9,35098.7,35490.9,34304.2
06/23/2021,33989.2,32466.3,33798.6,32376.2
06/22/2021,33028.2,33811.7,34236.2,31736.5
06/21/2021,34691,33025.6,33181.2,31216
06/20/2021,35531.9,34681,35708.4,34676.1
06/19/2021,35084.1,35636.2,35788.1,35176.2
06/18/2021,37925.6,34963.5,36283.5,34845.5
06/17/2021,38862.5,37940.2,38166,37231.8
06/16/2021,40031.8,38834.5,38963.7,38231.4
06/15/2021,40403.5,40023.9,40167.5,39645.3
06/14/2021,38995.2,40479.3,40838.1,39920
06/13/2021,34881.8,38826.4,39784.6,38769.9
06-12-2021,35585.4,34950.8,35903.9,34876.1
06-11-2021,36758.6,35339.5,37437.3,35335.8
06-10-2021,36955.5,36665.9,37177.3,36003.3
06-09-2021,32881,37012.9,37595.3,36759.8
06-08-2021,32819.6,32952.3,33502.8,32428.6
06-07-2021,36384,32869,34047.8,32447
06-06-2021,36002.2,36404.7,36754.6,35576.3
06-05-2021,37400.3,35968.9,36225.5,35421.5
06-04-2021,37928.2,37419.3,37811.3,36666.8
06-03-2021,37636,37877.1,39255.4,37442.6
06-02-2021,36479.5,37581.7,37812.7,37193.6
06-01-2021,36699.5,36395.6,36856.2,35981.1
05/31/2021,34503.3,36617.3,37850.3,36539.1
05/30/2021,34780.3,34408.7,35931.9,34330.2
05/29/2021,36465.5,34670.7,34773.6,33441
05/28/2021,38279,36324.7,36717.8,35651.4
05/27/2021,37616.5,37973.8,38844.1,37790.4
05/26/2021,39562.9,37470,39249,37190.8
05/25/2021,38360.3,39444.5,39497.3,37847
05/24/2021,35268.6,38288.4,39740.8,37875.1
05/23/2021,37460.4,35298.3,35863.1,34715.3
05/22/2021,36979.4,37436.4,38248.7,36822.9
05/21/2021,40710.8,36906.3,38056.8,36606.7
05/20/2021,38170.6,40779.5,42108.3,40521.5
05/19/2021,40491.1,38220.1,38573.3,35010.4
05/18/2021,45042.4,40569,43516.6,40164.2
05/17/2021,44482,44847.2,45231.4,43186.8
05/16/2021,48167.2,43493.4,46545.4,43072.5
05/15/2021,50046.3,47875.9,48323.8,46574.6
05/14/2021,49176.2,49762.8,50640.9,49303.7
05/13/2021,50260.7,49391.5,50387.3,49258
05-12-2021,57762.7,49715.2,50843,46331.1
05-11-2021,55164.2,57752.6,57753,56597.1
05-10-2021,59400.6,55126.4,56384.2,54550.4
05-09-2021,58585.3,59352.4,59426.6,58066
05-08-2021,58110.5,58976.3,59227,58391.4
05-07-2021,55732,58058.1,58412.9,56972.2
05-06-2021,56835.9,55920,57080.7,55533.7
05-05-2021,55024.5,56860.9,57560.8,56623.5
05-04-2021,55745.7,55085.6,55088.1,53872.5
05-03-2021,57953.7,55470.2,57201.3,54735.3
05-02-2021,56532.2,57961.5,58261.4,56562.4
05-01-2021,58189.8,56591,57868.4,56556.1
04/30/2021,53706,58188.8,58449.4,57528.9
04/29/2021,54270.4,53667,53802.7,53088.7
04/28/2021,54818.7,54165.8,55173.7,54164.4
04/27/2021,53505.3,55019.8,55718.8,54871.9
04/26/2021,52388.1,53527.9,54120.6,53431.1
04/25/2021,49690.8,52265.6,52420.9,48815.9
04/24/2021,50128.7,49705.9,50438.8,49658.6
04/23/2021,50294.7,50207,51183,49380.6
04/22/2021,53456.3,50197.1,52099.9,48788.3
04/21/2021,55256.9,53351.4,54606.2,52585.9
04/20/2021,54709,55500.5,56764.4,55447.9
04/19/2021,57060.2,54759.9,55776.8,54404.6
04/18/2021,55371.5,57230.4,57275.2,55767
04/17/2021,62404.8,53728.9,60362.1,51817.6
04/16/2021,62936.8,62376.3,62509.1,61155.6
04/15/2021,63055.8,63063.3,63518.5,62738.3
04/14/2021,63715.3,63001.1,63347.3,62361.7
04/13/2021,60496.3,63809,63818.7,63080.7
04-12-2021,60350.4,60535.5,61068.3,59839.4
04-11-2021,60267.1,60211.2,60311.3,59598.2
04-10-2021,59206.4,60319.8,60667.1,59640.8
04-09-2021,58010.7,59119.4,59149.9,57900
04-08-2021,56565.9,58081.2,58391.3,57832.9
04-07-2021,57900.4,56580.9,56674.6,55721.6
04-06-2021,58611.7,57907.1,58192.7,57286.9
04-05-2021,57452.1,58800.4,59487,58662
04-04-2021,57541.4,57555.1,58355,57497.6
04-03-2021,59216.6,57325.1,57448.9,56470.6
04-02-2021,59676.4,59205.3,59414,58948.5
04-01-2021,59083.4,59733.7,60134.9,58496.3
03/31/2021,58673.7,58995.8,59309.8,58738.9
03/30/2021,57320,58534.6,59030.2,58429.8
03/29/2021,55344.1,57141,57752.7,57128.3
03/28/2021,55791.9,55393.9,55899.4,55002.9
03/27/2021,54786.9,56133.6,56174.8,55645.5
03/26/2021,51667.2,54751.7,55532.1,54551.8
03/25/2021,52189.3,52428.5,52669.2,51306.1
03/24/2021,54447.1,52136.7,52763,51561.3
03/23/2021,54517.9,54444.7,54716.8,53579.1
03/22/2021,57558.1,54577,55287.5,53842.1
03/21/2021,57809.8,57316.4,57443.4,56357.5
03/20/2021,58419.7,57754.5,58583.8,57471.4
03/19/2021,57773,58296.2,58877.5,57863
03/18/2021,58724.5,57859.3,57876.5,56305.1
03/17/2021,55489.5,58727.6,59489.4,58621.9
03/16/2021,54277.3,55835.2,57121,55683.4
03/15/2021,60347.5,54269.4,56024.1,53342.6
03/14/2021,61350.2,60375.5,60459.9,58859
03/13/2021,56865.6,61218.9,61673.7,60755.8
03-12-2021,56702.6,56485.1,57271.8,56118.8
03-11-2021,55812.7,56710.6,58052.3,56545.9
03-10-2021,53694.3,55667.1,56461,55168.1
03-09-2021,53714.1,53565.5,55772.3,53187.5
03-08-2021,50450.8,53878.4,54077.9,51941.3
03-07-2021,49485.6,50411.2,51801.1,50141.4
03-06-2021,48467.1,49501.2,49881.4,48890.6
03-05-2021,46677.4,48447.7,49132.7,48166.4
03-04-2021,49029.8,47132,48363.6,46370.1
03-03-2021,49126.2,49278.1,51757.7,49111.5
03-02-2021,49161.1,49207.5,49309.1,48159.2
03-01-2021,46464.4,49053,50191.9,48662.2
02/28/2021,44403.5,46566.6,46809.5,45008.8
02/27/2021,47686.9,44741,46582,44346.9
02/26/2021,47011.8,47762.9,48018.5,46205.2
02/25/2021,49651.9,47020,47749.1,46051.2
02/24/2021,50783,49822.7,50857.8,49597.9
02/23/2021,50636.7,50884.3,51299.1,47031.7
02/22/2021,55807.3,50379,54115,50161.2
02/21/2021,56715.9,55531.8,57480.5,55128.5
02/20/2021,55829.6,56537.3,56895.2,55502.7
02/19/2021,51162.8,55941.9,56552.6,55415.1
02/18/2021,52170.7,51137.3,51925.3,50816.8
02/17/2021,49360.2,52070.7,52524,51731.3
02/16/2021,49349.4,49273.4,50209.6,49018.1
02/15/2021,46875.7,49224.3,49951,47044.4
02/14/2021,47558.1,46784.5,48936.5,45786.1
02/13/2021,47840,47564.1,47698.3,47051.9
02-12-2021,47309.6,47856.3,48097.3,47271
02-11-2021,44648.8,47123.7,48927.4,46950.9
02-10-2021,46022.3,44618.5,44993.5,44041
02-09-2021,46841.3,46010.7,46865.5,45652.1
02-08-2021,38596.3,46400.5,47405.3,45603.3
02-07-2021,38328.5,38611.7,39123.6,38057
02-06-2021,39208.2,37990.1,39611.9,37987.2
02-05-2021,37284.7,39259.4,39653.1,38275.3
02-04-2021,37696.7,37299.4,37488.4,36640
02-03-2021,36618.4,37634.5,38298.5,37375.9
02-02-2021,33904.7,36609.2,36843.5,35401.5
02-01-2021,33554.3,33869.6,34150.4,33462.4
01/31/2021,34031.8,33580.3,33937.7,32324.9
01/30/2021,33512,33930.3,34348.3,33687.3
01/29/2021,33762.7,33424.5,34920.9,32908.5
01/28/2021,31342,33093.1,34325.8,32839.8
01/27/2021,31887.7,31258.1,31602,29911.9
01/26/2021,32027.9,31721.7,32545.4,31556.2
01/25/2021,33397.7,32007.5,32820.1,31493.3
01/24/2021,32838.3,33348.7,33739.5,32205.1
01/23/2021,32598.5,32659.8,32702.9,31692.5
01/22/2021,30933.8,32635.2,32994.1,32088.2
01/21/2021,34249.9,30812.8,31380,28871.2
01/20/2021,35261.1,34462.6,35591.1,34256.8
01/19/2021,36332.8,35386.8,36384.4,34857
01/18/2021,35132.9,36406.6,37270.5,36360.3
01/17/2021,35857.6,34976.6,36195.2,34890.7
01/16/2021,36582.2,35955.7,36723.7,35592.7
01/15/2021,38459.4,36549.4,37608.6,36022.9
01/14/2021,37485.3,38569.2,39715,38354.6
01/13/2021,33179.3,37370.9,38133.2,36772.1
01-12-2021,35278.4,33168.2,34297,32451.9
01-11-2021,35567.4,34771.4,35490,33729.6
01-10-2021,40378.2,35633.7,38217.2,33688.8
01-09-2021,40236.9,40390.8,41362.4,40149.7
01-08-2021,38721.8,40378.7,40950.2,39556.7
01-07-2021,37492.9,38713.3,39701.2,36613.4
01-06-2021,35320.3,37490,37714.8,36494.1
01-05-2021,30918.3,35228.7,35739.4,33408.3
01-04-2021,33288.9,31381.1,32846.9,30460.5
01-03-2021,33238.9,33328.7,33587.5,32453.1
01-02-2021,29382.6,32861.6,32884.7,32029.6
01-01-2021,29245,29400.6,29496.7,29008
12/31/2020,29024.8,29238.8,29482.3,28724.3
12/30/2020,27903.6,28940.6,29298.8,28334.2
12/29/2020,26443.7,27838.5,28192.6,27377
12/28/2020,26847.4,26381.2,27089.4,26205.1
12/27/2020,26715.1,26946.1,27331.6,26144.3
12/26/2020,24811.2,26710.9,26937.5,26438.4
12/25/2020,23603.6,24911.2,25011,24515.1
12/24/2020,23023.4,23577.7,23814.1,23445.3
12/23/2020,23470,22977.4,23253.2,22737.3
12/22/2020,22948.2,23516.6,24028.9,23500.7
12/21/2020,23912.5,22954.2,23060.8,22481
12/20/2020,23410,23901.2,24101.9,23321.1
12/19/2020,23047.1,23300.3,23843.6,23098.9
12/18/2020,22867.7,23083.2,23229.1,22923.1
12/17/2020,21786.2,22947.3,23241.3,22493.9
12/16/2020,19335,21837.6,22148.4,21243.1
12/15/2020,19484.8,19381.2,19491.7,19299.7
12/14/2020,19265.1,19309.3,19556.3,19250.3
12/13/2020,18790.9,19083,19326.2,19007
12-12-2020,18277.1,18867.2,18883.6,18716.8
12-11-2020,17962.6,18384,18390.1,18025.1
12-10-2020,18400.6,17984,18288.3,17733.8
12-09-2020,18153.8,18455.5,18551.8,18339.6
12-08-2020,19182.5,18217.9,18371.5,18053
12-07-2020,19290,19178.5,19236,19141.1
12-06-2020,19191.3,19288.8,19424.6,19166.9
12-05-2020,18816.8,19203.7,19340.1,19141
12-04-2020,19170.8,18884.1,18921.3,18507.1
12-03-2020,19040.9,19288.2,19529.5,19140.2
12-02-2020,18519.1,19065.4,19295,18954.6
12-01-2020,19380.4,18507.3,18954.5,18346.7
11/30/2020,18535,19466.8,19717.6,19366.8
11/29/2020,17771.7,18511.3,18616.7,18186
11/28/2020,16969.4,17791.7,17864,17530.4
11/27/2020,17070.3,16938.7,17191.5,16915.9
11/26/2020,17757.1,17071.3,17450.3,17037.8
11/25/2020,18690.9,17777.1,18894.9,17279.7
11/24/2020,18448.2,18779.6,19216.6,18769.4
11/23/2020,18461.3,18423.7,18527.7,18230
11/22/2020,18593.9,18453.4,18516.7,18016
11/21/2020,18583.1,18582.4,18751.5,18367.6
11/20/2020,18195,18614.6,18966,18467.5
11/19/2020,17847.3,18180,18225.4,17758.4
11/18/2020,18377.9,17843.5,18054.8,17594.6
11/17/2020,16672.6,18376.8,18393.2,17613.2
11/16/2020,16032.5,16648.2,16825.9,16562
11/15/2020,15937.4,16004.3,16042.1,15870.7
11/14/2020,16149.6,15924.2,16102.3,15879.5
11/13/2020,16405.1,16116.8,16328.2,16111.2
11-12-2020,15666.2,16395.1,16474.1,16270.7
11-11-2020,15372.5,15659.1,15712.1,15483.5
11-10-2020,15385.1,15385.2,15497.5,15281
11-09-2020,15385.7,15396.9,15431.2,15192.7
11-08-2020,14967.7,15395.6,15598.4,15364.2
11-07-2020,15556.5,15030.2,15106.5,14720.7
11-06-2020,15463.3,15498.7,15754.4,15471.1
11-05-2020,14293.3,15548.2,15955.2,15433
11-04-2020,13908.9,14292.5,14358.6,14099.7
11-03-2020,13419.7,13897.3,14034.5,13704.8
11-02-2020,13698.9,13419,13640.2,13321.2
11-01-2020,13677.2,13666.5,13828.4,13655
10/31/2020,13491.7,13659,13889.5,13659
10/30/2020,13434,13471.3,13731.5,13441.7
10/29/2020,13280.8,13452.7,13655.7,13363.1
10/28/2020,13785,13266.6,13308.6,13180.8
10/27/2020,13082.2,13799.5,13851.7,13637.3
10/26/2020,13100.9,13090,13125.2,13050.3
10/25/2020,13298.6,13101.3,13129.3,12982.5
10/24/2020,12972,13303.9,13343.9,13077.8
10/23/2020,12966.3,12982.1,13013.7,12876.4
10/22/2020,12726,12958.2,13005.1,12842.7
10/21/2020,12187.8,12770.2,12928.1,12718.1
10/20/2020,11743.2,12195.9,12232.6,11894.6
10/19/2020,11421.2,11756.5,11760.8,11685.7
10/18/2020,11370.6,11430.9,11529.8,11427.2
10/17/2020,11365.6,11372.3,11399.5,11349.8
10/16/2020,11508.9,11355.2,11358,11274.4
10/15/2020,11377.5,11499,11542.2,11474.9
10/14/2020,11392.8,11376.5,11426.4,11361.7
10/13/2020,11457.4,11442.7,11485.6,11413.8
10-12-2020,11386.4,11469.1,11540.4,11436.9
10-11-2020,11333,11395.5,11408.8,11348.5
10-10-2020,11410.8,11327.2,11394.5,11277.6
10-09-2020,10889.9,11419.8,11475,11053.5
10-08-2020,10642.5,10896.3,10939.1,10868.4
10-07-2020,10577.1,10645.4,10672.1,10619.9
10-06-2020,10766.7,10588.9,10604.3,10553.3
10-05-2020,10667.2,10778.5,10800.3,10743.2
10-04-2020,10547.2,10684.2,10729.9,10659.4
10-03-2020,10556.6,10545.4,10560.3,10520.8
10-02-2020,10646.8,10552.7,10576.8,10523.4
10-01-2020,10798.4,10613.6,10627.6,10585.9
09/30/2020,10747.7,10801.9,10855.5,10776.6
09/29/2020,10688.6,10768.5,10847.7,10757.2
09/28/2020,10908.7,10697.8,10728.5,10667.8
09/27/2020,10779.4,10895.8,10946.6,10776.4
09/26/2020,10710.3,10778.7,10799.2,10722.4
09/25/2020,10710.7,10706.4,10745.6,10650.2
09/24/2020,10299.5,10685.4,10753.5,10685.4
09/23/2020,10515.5,10300.2,10336.1,10201
09/22/2020,10445.5,10485.9,10535,10485.4
09/21/2020,10963.6,10450.9,10488.6,10374.4
09/20/2020,10950.7,10957.9,10977,10895.7
09/19/2020,10977.6,10950.5,11081.6,10908.5
09/18/2020,10927.1,10960,10977.8,10933.1
09/17/2020,10873.6,10938.2,10956.3,10890.8
09/16/2020,10780.9,10887.4,11039.3,10885.8
09/15/2020,10752,10762.2,10790.1,10669.2
09/14/2020,10352.1,10739.2,10832.3,10652.9
09/13/2020,10551.7,10353,10369.3,10264.5
09-12-2020,10344.1,10546.3,10556.3,10411.2
09-11-2020,10218.4,10351.7,10393.5,10326
09-10-2020,10377.4,10222.9,10377.5,10212.6
09-09-2020,10028.2,10365.6,10408.9,10219.2
09-08-2020,10305.4,10000.4,10149,9984.6
09-07-2020,10205.3,10305.7,10434.4,10305.5
09-06-2020,10169.2,10195.3,10296.4,10193.9
09-05-2020,10411.5,10169.7,10239.9,10067.4
09-04-2020,10249,10432.4,10558.7,10392.3
09-03-2020,11375.5,10249.6,10329.9,10098.1
09-02-2020,11830.2,11375.1,11437.4,11359
09-01-2020,11682.8,11844.4,11947.5,11821.6
08/31/2020,11669.1,11674.8,11692,11544.6
08/30/2020,11603,11668.4,11712.2,11659.3
08/29/2020,11502,11600.8,11623.6,11462.6
08/28/2020,11379.3,11496.2,11539.8,11468.2
08/27/2020,11390.2,11368,11396.1,11281.9
08/26/2020,11365.2,11401.6,11479.7,11367.4
08/25/2020,11673.4,11350.2,11401,11256.8
08/24/2020,11675.2,11690.4,11766.9,11661.1
08/23/2020,11596.5,11666.8,11681.1,11587.1
08/22/2020,11476.6,11591.8,11680.5,11583.3
08/21/2020,11867.5,11468.1,11536.9,11382.1
08/20/2020,11697,11847.5,11877.4,11783.6
08/19/2020,11834.5,11718,11822.2,11703.4
08/18/2020,12298.3,11855.9,12013.2,11844.8
08/17/2020,11838,12283,12381.4,12273.5
08/16/2020,11917.5,11857.3,11919.7,11764
08/15/2020,11876,11904.6,11909.7,11782.7
08/14/2020,11720.7,11865.4,11962.9,11750.7
08/13/2020,11573.4,11735.7,11820.3,11668.5
08-12-2020,11370.5,11575.9,11652.1,11536.3
08-11-2020,11831.1,11354.3,11408.8,11233.3
08-10-2020,11998.9,11823.1,11931.8,11819
08-09-2020,11735.5,12008.2,12041.1,11681.1
08-08-2020,11550.1,11743.6,11792.8,11669.7
08-07-2020,11827.6,11549.1,11650.4,11537.6
08-06-2020,11651.1,11850.5,11901.8,11740
08-05-2020,11233.6,11653.3,11790.2,11606.3
08-04-2020,11259.8,11221.5,11228.3,11114.5
08-03-2020,11132.5,11254.1,11407.8,11222.2
08-02-2020,11968.2,11157.1,11202.7,10981.6
08-01-2020,11360.7,11941.5,11943.4,11754.8
07/31/2020,10972.3,11387.8,11394.3,11226.1
07/30/2020,10987.6,10980.8,11124.4,10964.6
07/29/2020,10970.9,10999,11114.4,10959.9
07/28/2020,10964.8,10956.7,10989.8,10771.8
07/27/2020,10196,10935.6,11229.1,10854.2
07/26/2020,9666.2,10192,10211.2,9894.6
07/25/2020,9582.9,9666.3,9690.7,9645.9
07/24/2020,9559.9,9589,9612.7,9536.2
07/23/2020,9489.5,9560,9599.8,9545
07/22/2020,9360.7,9488.8,9522.9,9470.7
07/21/2020,9179.7,9361.9,9389,9353.7
07/20/2020,9190.7,9178.4,9194.6,9155.1
07/19/2020,9156.1,9188.5,9218.4,9177
07/18/2020,9138.1,9157,9179.7,9144.6
07/17/2020,9119.5,9139.4,9167,9128.1
07/16/2020,9202.3,9110.1,9141.4,9107.6
07/15/2020,9234.7,9200.1,9224.2,9183
07/14/2020,9219.9,9242.1,9270.2,9240.2
07/13/2020,9272.7,9224.1,9245.6,9219
07-12-2020,9271.1,9274.2,9319.9,9270.1
07-11-2020,9268,9276.5,9286,9232
07-10-2020,9224.9,9263.8,9295.5,9261.6
07-09-2020,9385.3,9215.5,9239.6,9206.5
07-08-2020,9309.3,9382.5,9434.5,9361.3
07-07-2020,9293,9300.5,9319.9,9233.1
07-06-2020,9090.1,9299.5,9371.2,9266.3
07-05-2020,9133.8,9088.7,9114.1,9063.2
07-04-2020,9084.2,9134.9,9149.6,9114
07-03-2020,9097.4,9086.1,9100,9053
07-02-2020,9150.6,9202,9259.7,9179.5
07-01-2020,9134.9,9233.4,9259.7,9225.2
06/30/2020,9166.4,9124.2,9148,9101.1
06/29/2020,9101.3,9171.7,9199.8,9158.7
06/28/2020,8971,9104.5,9148.6,9097.1
06/27/2020,9161.7,8970.6,9008.2,8950.2
06/26/2020,9245.1,9163.1,9179.8,9113.9
06/25/2020,9098.7,9249.4,9296.5,9194.3
06/24/2020,9649.9,9074.7,9306,9022.6
06/23/2020,9655.5,9645.9,9663.7,9614.8
06/22/2020,9383.5,9651.7,9715.6,9609.3
06/21/2020,9371.1,9378.5,9395.2,9285.8
06/20/2020,9332,9362,9397.7,9349.1
06/19/2020,9280.8,9331.8,9350.1,9294.2
06/18/2020,9428.9,9267.9,9390.3,9249.6
06/17/2020,9461.9,9436.3,9468.8,9403.4
06/16/2020,9558,9461.8,9532.3,9423.8
06/15/2020,9166.7,9549.2,9570.7,9379.3
06/14/2020,9419.3,9438.5,9474.7,9387.5
06/13/2020,9411.4,9431.5,9474.7,9428.7
06-12-2020,9365.1,9421.4,9475.8,9415.5
06-11-2020,9887.3,9381.5,9391.3,9249.4
06-10-2020,9753.7,9878.7,9945.2,9871
06-09-2020,9679.4,9754.2,9805.8,9745
06-08-2020,9724.4,9682.9,9857.2,9616.6
06-07-2020,9689,9718.6,9770.5,9708.5
06-06-2020,9631.3,9697.6,9701.9,9637.3
06-05-2020,9794.5,9616.2,9629.3,9549.5
06-04-2020,9527.4,9555,9686.1,9537.6
06-03-2020,9494.1,9681.7,9686.1,9617.6
06-02-2020,10093.9,9496,9538.1,9483.4
06-01-2020,9552.8,10080.8,10207.3,10050.4
05/31/2020,9533.1,9554.4,9695.6,9529.8
05/30/2020,9394.5,9587.2,9695.6,9567.5
05/29/2020,9519.9,9380.9,9428.5,9352.7
05/28/2020,9173.1,9525.3,9596.5,9468.1
05/27/2020,8831.8,9170.4,9268.8,9168.8
05/26/2020,8901.8,8850.5,8891,8818.6
05/25/2020,8786.4,8918.6,8922.9,8836.6
05/24/2020,9195.4,8773.7,8817.9,8666.1
05/23/2020,9284.2,9201,9229.5,9129.7
05/22/2020,8995.1,9275.5,9303.2,9169.7
05/21/2020,9479.3,8998.3,9129.2,8983.7
05/20/2020,9721.8,9477.8,9567.1,9463.1
05/19/2020,9537.9,9722.1,9788.8,9708.4
05/18/2020,9856.6,9524.6,9737.8,9524.6
05/17/2020,9543.2,9856.5,9930.2,9678.9
05/16/2020,9411.1,9559.1,9570.4,9327.8
05/15/2020,9483.6,9419.9,9451.9,9233
05/14/2020,9338.5,9497.4,9819.6,9319.3
05/13/2020,8908.7,9329.9,9364.5,9265.8
05-12-2020,8717,8913.3,8964.7,8799.1
05-11-2020,8697.6,8727.8,8729.7,8542.8
05-10-2020,9753,8659.3,9569.4,8259.3
05-09-2020,9868.2,8635.1,9569.4,8259.3
05-08-2020,9914.8,9873.7,9910.5,9747.2
05-07-2020,9271.8,9925.1,10018.2,9845.8
05-06-2020,8962.9,9263.6,9338.2,9064.8
05-05-2020,8855.8,8995.9,9038.2,8923.6
05-04-2020,8728.4,8870.5,8920.7,8831.4
05-03-2020,9131.1,8747.9,8926.2,8665.7
05-02-2020,8840.9,9137.7,9169.9,8935
05-01-2020,8672.4,8845.2,8858.9,8775.4
04/30/2020,9279.1,8673.9,8758.1,8621
04/29/2020,7809.1,9185.7,9187.7,8717.3
04/28/2020,7708.9,7801,7822.6,7729.7
04/27/2020,7725.3,7706.2,7770.1,7674
04/26/2020,7569.6,7723.7,7768.4,7676.1
04/25/2020,7512.2,7569.2,7586.4,7527
04/24/2020,7520.8,7510.2,7516.9,7451
04/23/2020,7113.7,7520.8,7541.5,7474.3
04/22/2020,6856.8,7129.2,7169.6,7092.2
04/21/2020,6858.2,6852,6879.7,6821.8
04/20/2020,7162.5,6854.9,6907.7,6818.9
04/19/2020,7209.5,7162.6,7187.7,7086.1
04/18/2020,7087.7,7209.4,7238,7182.4
04/17/2020,7084.6,7083.3,7105.9,7031.5
04/16/2020,6651.2,7076.6,7118.5,7039.7
04/15/2020,6907,6659.5,6663.2,6520.5
04/14/2020,6881.6,6902.3,6903.2,6800.6
04/13/2020,6678.7,6884.9,6899.5,6807
04-12-2020,6810.9,6684.4,6920.1,6632.7
04-11-2020,6900,6808.9,6889.8,6805.7
04-10-2020,7176.7,6901,6915.5,6840.6
04-09-2020,7288.6,7169.3,7294.4,7166.6
04-08-2020,7349.8,7281.3,7360.7,7268.4
04-07-2020,7323,7356.8,7370.1,7153.1
04-06-2020,6842,7304.8,7440.3,7263.5
04-05-2020,6798.4,6836.3,6875.8,6770.1
04-04-2020,6704.5,6804.7,6889.4,6794.5
04-03-2020,6785.7,6706.4,6785.3,6682.6
04-02-2020,6607.5,6799.3,6830.2,6727.8
04-01-2020,6370.5,6594.4,6727,6567.9
03/31/2020,6443.5,6346.7,6425.5,6273.6
03/30/2020,6007.6,6454.3,6513.1,6385.6
03/29/2020,6211,5998.8,6022.8,5872.5
03/28/2020,6257.4,6214.5,6258.8,6185.3
03/27/2020,6778.2,6122.4,6374.3,6085.1
03/26/2020,6687.3,6782,6813.7,6727.8
03/25/2020,6599.7,6726.3,6772.9,6659.4
03/24/2020,6588.4,6571.6,6744.8,6542.3
03/23/2020,5898.5,6547.6,6643.2,6462.4
03/22/2020,6273.3,5977.5,5986.6,5710.8
03/21/2020,6270.8,6349.6,6359.5,6119
03/20/2020,6083.7,6246.2,6355.5,6080.8
03/19/2020,5289.5,6095.4,6261.9,6019.6
03/18/2020,5343.4,5275,5404.1,5256
03/17/2020,5231.1,5342.1,5362.5,5220.4
03/16/2020,5276.5,5218.8,5368.9,4946.5
